﻿<?xml version='1.0' encoding='UTF-8'?>
<label>
  <MAIN_REPORT>
    <Text1>folha de recolha</Text1>
    <Text2>Assinatura do V.B.P…………………………………………. Assinatura do dirigente Cliente                                   Assinatura contador……………………</Text2>
    <Text3>V.B incentivo presidente</Text3>
    <Text4>Colecção%</Text4>
    <Text5>quantidade</Text5>
    <Text6>Será que todos os membros pagar sua prestação?</Text6>
    <Text7>Yes</Text7>
    <Text8>não</Text8>
    <Text12>100% de incentivo coleção de 1%</Text12>
    <Text9>1</Text9>
    <Text10>2</Text10>
    <Text11>3
</Text11>
    <Text13>Colecção de 95% -99% de incentivo de 0,8%</Text13>
    <Text14>95% menos em incentivo coleção 0,5%</Text14>
  </MAIN_REPORT>
  <VillageCollectionSheet>
    <Text1>Nome</Text1>
    <Text2>VB Grp</Text2>
    <Text4>taxa de int</Text4>
    <Text5>A duração do empréstimo (mts)</Text5>
    <Text6>montante do empréstimo</Text6>
    <Text7>número de ciclos</Text7>
    <Text8>P total pago</Text8>
    <Text9>saldo do empréstimo</Text9>
    <Text10>P total Devido à Data</Text10>
    <Text11>P edição deste Devido</Text11>
    <Text12>Int edição deste devido</Text12>
    <Text13>total devido</Text13>
    <Text14>não</Text14>
    <Text15>ID do cliente</Text15>
    <Text16>saldo inicial</Text16>
    <Text17>valor devido</Text17>
    <Text3>valor pago</Text3>
    <Text18>Principal</Text18>
    <Text19>interesse</Text19>
    <Text20>atraso</Text20>
    <Text21>interesse</Text21>
    <Text22>Principal</Text22>
  </VillageCollectionSheet>
  <VillageInfo>
    <Text2>braço</Text2>
    <Text3>datado</Text3>
    <Text4>Aldeia nome do banco</Text4>
    <Text6>Data da coleta</Text6>
    <Text7>Data do desembolso</Text7>
    <Text8>Data da última coleta</Text8>
    <Text9>Data da próxima coleção       _______________</Text9>
  </VillageInfo>
</label>