<?xml version="1.0" encoding="utf-8"?>
<report order="0" attachmentPoint="PersonDetails" visibility ="All">
    <guid>E93CFD16-4DF0-4b97-9945-CBD91B66DBD5</guid>
    <title>Client personal information</title>
    <description><![CDATA[Client personal information.]]></description>
	
	<localized lang="ru-RU">
		<title>Информация о клиенте</title>
		<description><![CDATA[Информация о клиенте.]]></description>	
	</localized>
	
	<localized lang="fr">
		<title>Information sur le client</title>
		<description><![CDATA[Information sur le client.]]></description>	
	</localized>
</report>