<?xml version="1.0" encoding="utf-8"?>
<report order="0" attachmentPoint="SavingsBook" visibility="All">
	<guid>46c0c71f-b3fd-47a4-afb5-3b591967287e</guid>
    <title>Contract status</title>
    <description><![CDATA[Contract status.]]></description>
    <params>
        <param name="saving_id" label="Saving ID" type="int"/>
    </params>


   <localized lang="pt">
    <title>status de contrato</title>
    <description><![CDATA[status de contrato.]]></description>
    <params>
        <param name="saving_id" label="salvando o ID" type="int"/>
    </params>
   </localized>


</report>
