﻿<?xml version='1.0' encoding='UTF-8'?>
<label>
  <MAIN_REPORT>
   	<Title>План погашений (с учетом выплат)</Title>
	<fnsubtotal1>"Итого на " + CStr({Rep_Collection_Sheet.expected_date}, "dd.MM.yyyy")</fnsubtotal1>
    <FName>Имя</FName>   
	<LName>Фамилия</LName>   
    <District>Район</District>
    <City>Город</City>
    <CCode>Код контракта</CCode>
    <LOfficer>Кред. спец.</LOfficer>
	<Activity>Вид деят.</Activity>
    <Amount>Сумма</Amount>
    <Olb>КП</Olb>
    <Interest>Процент</Interest>
	<Commis>Коммис.</Commis>
    <Principal>ОC</Principal>
    <PNumber>Телефон</PNumber>
    <TotalK>Итого</TotalK>
    <Total>ИТОГО</Total>
  </MAIN_REPORT>
</label>